{
	"class_name" : "PinholeCameraParameters",
	"extrinsic" : 
	[
		1.0,
		-0.0,
		-0.0,
		0.0,
		0.0,
		-1.0,
		-0.0,
		0.0,
		0.0,
		-0.0,
		-1.0,
		0.0,
		-0.62500002968590707,
		0.019000000902451575,
		0.31106433422468494,
		1.0
	],
	"intrinsic" : 
	{
		"height" : 499,
		"intrinsic_matrix" : 
		[
			432.14667648843493,
			0.0,
			0.0,
			0.0,
			432.14667648843493,
			0.0,
			461.0,
			249.0,
			1.0
		],
		"width" : 923
	},
	"version_major" : 1,
	"version_minor" : 0
}